bottom,Attachment,look,Possessor,which are usually at the bottom of their body 
bottom,Attachment,look,Possessor,which are usually at the bottom of their body 
bottom,Attachment,look,Possessor,which are usually at the bottom of their body 
bottom,Attachment,look,Possessor,which are usually at the bottom of their body 
bottom,Attachment,look,Possessor,which are usually at the bottom of their body 
bottom,Attachment,look,Possessor,which are usually at the bottom of their body 
bottom,Attachment,look,Possessor,which are usually at the bottom of their body 
bottom,Attachment,look,Possessor,which are usually at the bottom of their body 
bottom,Attachment,look,Possessor,which are usually at the bottom of their body 
bottom,Attachment,look,Possessor,which are usually at the bottom of their body 
